-- MySQL dump 10.13  Distrib 8.0.19, for Win64 (x86_64)
--
-- Host: localhost    Database: moto_trgovinahib
-- ------------------------------------------------------
-- Server version	5.5.5-10.4.28-MariaDB

/*!40101 SET @OLD_CHARACTER_SET_CLIENT=@@CHARACTER_SET_CLIENT */;
/*!40101 SET @OLD_CHARACTER_SET_RESULTS=@@CHARACTER_SET_RESULTS */;
/*!40101 SET @OLD_COLLATION_CONNECTION=@@COLLATION_CONNECTION */;
/*!50503 SET NAMES utf8mb4 */;
/*!40103 SET @OLD_TIME_ZONE=@@TIME_ZONE */;
/*!40103 SET TIME_ZONE='+00:00' */;
/*!40014 SET @OLD_UNIQUE_CHECKS=@@UNIQUE_CHECKS, UNIQUE_CHECKS=0 */;
/*!40014 SET @OLD_FOREIGN_KEY_CHECKS=@@FOREIGN_KEY_CHECKS, FOREIGN_KEY_CHECKS=0 */;
/*!40101 SET @OLD_SQL_MODE=@@SQL_MODE, SQL_MODE='NO_AUTO_VALUE_ON_ZERO' */;
/*!40111 SET @OLD_SQL_NOTES=@@SQL_NOTES, SQL_NOTES=0 */;

--
-- Table structure for table `djelatnik`
--

DROP TABLE IF EXISTS `djelatnik`;
/*!40101 SET @saved_cs_client     = @@character_set_client */;
/*!50503 SET character_set_client = utf8mb4 */;
CREATE TABLE `djelatnik` (
  `sifra` int(11) NOT NULL AUTO_INCREMENT,
  `brojUgovora` varchar(255) DEFAULT NULL,
  `iban` varchar(255) DEFAULT NULL,
  `ime` varchar(255) DEFAULT NULL,
  `kontakt` varchar(255) DEFAULT NULL,
  `prezime` varchar(255) DEFAULT NULL,
  PRIMARY KEY (`sifra`)
) ENGINE=InnoDB AUTO_INCREMENT=9 DEFAULT CHARSET=utf8mb4 COLLATE=utf8mb4_general_ci;
/*!40101 SET character_set_client = @saved_cs_client */;

--
-- Dumping data for table `djelatnik`
--

LOCK TABLES `djelatnik` WRITE;
/*!40000 ALTER TABLE `djelatnik` DISABLE KEYS */;
INSERT INTO `djelatnik` VALUES (1,'6767-1328-2310-6767-720','KW70VZFNNwQVcubPpLpvdo2JdnAATC','Dario','royal.bernier@yahoo.com','Cremin'),(2,'3528-3283-9456-5214','TN7101558173419484761957','Dorotha','romeo.damore@gmail.com','Boehm'),(3,'6767-2653-7938-1284-03','MD76h8nz3Xm6wmjkbxb4n9Yn','Nohemi','yanira.ratke@gmail.com','Harvey'),(4,'6709186390250155','DE53340140458798496668','Krysta','landon.morar@hotmail.com','Blick'),(5,'6011-2324-0629-0323','NL26THPZ1838821033','Moshe','margaretta.fritsch@hotmail.com','Rau'),(6,'6771-8961-3448-7136','SE8108641278312384937926','Ethel','sylvester.daniel@yahoo.com','Tillman'),(7,'6706292905811813','VG29CWKF9327429821770023','Emerson','john.ernser@yahoo.com','Moore'),(8,'6771-8941-2347-4215','NL92WDOE8220518171','Reena','humberto.sanford@yahoo.com','Wiegand');
/*!40000 ALTER TABLE `djelatnik` ENABLE KEYS */;
UNLOCK TABLES;

--
-- Table structure for table `kupac`
--

DROP TABLE IF EXISTS `kupac`;
/*!40101 SET @saved_cs_client     = @@character_set_client */;
/*!50503 SET character_set_client = utf8mb4 */;
CREATE TABLE `kupac` (
  `sifra` int(11) NOT NULL AUTO_INCREMENT,
  `ime` varchar(255) DEFAULT NULL,
  `kontakt` varchar(255) DEFAULT NULL,
  `prezime` varchar(255) DEFAULT NULL,
  PRIMARY KEY (`sifra`)
) ENGINE=InnoDB AUTO_INCREMENT=81 DEFAULT CHARSET=utf8mb4 COLLATE=utf8mb4_general_ci;
/*!40101 SET character_set_client = @saved_cs_client */;

--
-- Dumping data for table `kupac`
--

LOCK TABLES `kupac` WRITE;
/*!40000 ALTER TABLE `kupac` DISABLE KEYS */;
INSERT INTO `kupac` VALUES (1,'Neil','jeremy.hegmann@gmail.com','Huel'),(2,'Dusty','beaulah.terry@hotmail.com','Littel'),(3,'Isaura','sarai.murphy@hotmail.com','Harvey'),(4,'Joetta','josef.hamill@hotmail.com','Leffler'),(5,'Theo','lizzie.kuhic@hotmail.com','Daugherty'),(6,'Audria','normand.wilkinson@gmail.com','Windler'),(7,'Odis','lonnie.bernier@hotmail.com','Treutel'),(8,'Trinidad','emil.ledner@hotmail.com','Bradtke'),(9,'Carrol','moshe.johnson@yahoo.com','Veum'),(10,'Tasha','kary.spinka@hotmail.com','Fahey'),(11,'Marita','jerold.schowalter@gmail.com','Jacobi'),(12,'Arnulfo','george.emard@yahoo.com','Zieme'),(13,'Lane','scarlett.keebler@hotmail.com','Miller'),(14,'Eddy','cyrus.stroman@hotmail.com','Romaguera'),(15,'Melony','lashay.bechtelar@hotmail.com','Murazik'),(16,'Debbi','karla.hills@gmail.com','Langosh'),(17,'Luis','dacia.nolan@yahoo.com','Paucek'),(18,'Drew','dwight.gleason@hotmail.com','Zulauf'),(19,'Forrest','inez.ratke@hotmail.com','Schuster'),(20,'Natasha','elvis.emmerich@hotmail.com','Cormier'),(21,'Theresia','alden.altenwerth@gmail.com','Weber'),(22,'Everette','jolanda.waters@yahoo.com','Toy'),(23,'Janice','demetrius.yundt@hotmail.com','Schmidt'),(24,'Numbers','keven.roob@yahoo.com','Keeling'),(25,'Shaina','fidela.rice@gmail.com','Witting'),(26,'Major','leigh.kulas@yahoo.com','Kohler'),(27,'Amparo','dalene.lehner@hotmail.com','Hudson'),(28,'Jefferey','dewey.orn@yahoo.com','Barton'),(29,'Claudio','herbert.casper@hotmail.com','Miller'),(30,'Magan','hildegard.willms@hotmail.com','VonRueden'),(31,'Clorinda','elias.lakin@yahoo.com','Ryan'),(32,'Odessa','ines.okuneva@yahoo.com','Wyman'),(33,'Wilford','jama.marvin@yahoo.com','Connelly'),(34,'Esta','ruthie.kohler@gmail.com','Langosh'),(35,'Gussie','scottie.corkery@yahoo.com','Gerlach'),(36,'Ivory','king.predovic@hotmail.com','Kautzer'),(37,'Hong','alecia.nader@gmail.com','Kozey'),(38,'Granville','tasha.franecki@yahoo.com','Crona'),(39,'Jan','cuc.windler@gmail.com','Von'),(40,'Patrick','laurine.kovacek@gmail.com','Cronin'),(41,'Marti','freddy.satterfield@yahoo.com','Lebsack'),(42,'Alvera','dannie.bode@hotmail.com','Boyer'),(43,'Danna','jere.swift@gmail.com','Hahn'),(44,'Pauletta','hector.jones@yahoo.com','Schultz'),(45,'Audry','tashina.gutkowski@yahoo.com','Dare'),(46,'Cody','charles.kuphal@gmail.com','Carter'),(47,'Everette','gayle.kuvalis@gmail.com','Hudson'),(48,'Phillip','ceola.denesik@hotmail.com','Marquardt'),(49,'Augusta','yuette.hintz@hotmail.com','Little'),(50,'Brenton','annita.adams@hotmail.com','Gerhold'),(51,'Idell','brigid.schmitt@hotmail.com','Stanton'),(52,'Dexter','seth.brakus@hotmail.com','Jakubowski'),(53,'Marlon','isreal.marvin@gmail.com','Botsford'),(54,'Anabel','salley.ritchie@hotmail.com','Dibbert'),(55,'Sina','kenda.kerluke@yahoo.com','Pacocha'),(56,'Sherly','mac.franecki@yahoo.com','Lueilwitz'),(57,'Silas','erik.toy@hotmail.com','Kuphal'),(58,'Adaline','enrique.bogan@hotmail.com','Bernier'),(59,'Marna','bethann.wiza@gmail.com','Littel'),(60,'Devon','rudy.leuschke@hotmail.com','Haag'),(61,'Rosetta','albert.schaden@gmail.com','Hessel'),(62,'Gerardo','isaac.weber@hotmail.com','Deckow'),(63,'An','teddy.howe@gmail.com','Feeney'),(64,'Rosaria','tammi.swaniawski@yahoo.com','Baumbach'),(65,'Christeen','william.greenfelder@gmail.com','Farrell'),(66,'Alberta','kip.osinski@gmail.com','D\'Amore'),(67,'Gwenn','frances.okuneva@yahoo.com','Gleason'),(68,'Alphonso','jimmy.pacocha@hotmail.com','Larson'),(69,'Thi','maren.stroman@gmail.com','Bogisich'),(70,'Violette','shenna.greenfelder@hotmail.com','Batz'),(71,'Hollis','stan.pagac@gmail.com','Crooks'),(72,'Alana','thu.flatley@hotmail.com','Goyette'),(73,'Freddy','brinda.luettgen@yahoo.com','Tremblay'),(74,'Etsuko','glenn.kuhn@yahoo.com','Nader'),(75,'Enoch','deloris.lebsack@hotmail.com','Macejkovic'),(76,'Jose','homer.bayer@yahoo.com','Toy'),(77,'Fidel','candra.konopelski@yahoo.com','Funk'),(78,'Joyce','chelsie.cremin@hotmail.com','Denesik'),(79,'Xavier','eve.will@hotmail.com','Bernier'),(80,'Tran','alfredo.rice@yahoo.com','Hand');
/*!40000 ALTER TABLE `kupac` ENABLE KEYS */;
UNLOCK TABLES;

--
-- Table structure for table `operater`
--

DROP TABLE IF EXISTS `operater`;
/*!40101 SET @saved_cs_client     = @@character_set_client */;
/*!50503 SET character_set_client = utf8mb4 */;
CREATE TABLE `operater` (
  `sifra` int(11) NOT NULL AUTO_INCREMENT,
  `email` varchar(255) DEFAULT NULL,
  `ime` varchar(255) DEFAULT NULL,
  `lozinka` varchar(255) DEFAULT NULL,
  `oib` varchar(255) DEFAULT NULL,
  `prezime` varchar(255) DEFAULT NULL,
  `uloga` varchar(255) DEFAULT NULL,
  PRIMARY KEY (`sifra`)
) ENGINE=InnoDB AUTO_INCREMENT=2 DEFAULT CHARSET=utf8mb4 COLLATE=utf8mb4_general_ci;
/*!40101 SET character_set_client = @saved_cs_client */;

--
-- Dumping data for table `operater`
--

LOCK TABLES `operater` WRITE;
/*!40000 ALTER TABLE `operater` DISABLE KEYS */;
INSERT INTO `operater` VALUES (1,'dsimov@mototrgovina.hr','Denis','$argon2i$v=19$m=65536,t=10,p=1$3L9GiCKjICCZAhuXO/VGNA$6YabqHnzu+UvM4zcXTPZognktrvtMin0bkPdF2UFl+Y','14503725279','Simov','admin');
/*!40000 ALTER TABLE `operater` ENABLE KEYS */;
UNLOCK TABLES;

--
-- Table structure for table `proizvod`
--

DROP TABLE IF EXISTS `proizvod`;
/*!40101 SET @saved_cs_client     = @@character_set_client */;
/*!50503 SET character_set_client = utf8mb4 */;
CREATE TABLE `proizvod` (
  `sifra` int(11) NOT NULL AUTO_INCREMENT,
  `cijena` decimal(38,2) DEFAULT NULL,
  `garancija` int(11) DEFAULT NULL,
  `naziv` varchar(255) DEFAULT NULL,
  PRIMARY KEY (`sifra`)
) ENGINE=InnoDB AUTO_INCREMENT=601 DEFAULT CHARSET=utf8mb4 COLLATE=utf8mb4_general_ci;
/*!40101 SET character_set_client = @saved_cs_client */;

--
-- Dumping data for table `proizvod`
--

LOCK TABLES `proizvod` WRITE;
/*!40000 ALTER TABLE `proizvod` DISABLE KEYS */;
INSERT INTO `proizvod` VALUES (1,2120.00,12,'Ivysaur'),(2,2656.00,6,'Magneton'),(3,711.00,15,'Sandslash'),(4,4492.00,15,'Snorlax'),(5,2656.00,4,'Psyduck'),(6,3240.00,14,'Weepinbell'),(7,1400.00,14,'Parasect'),(8,2206.00,3,'Charmeleon'),(9,3154.00,6,'Moltres'),(10,2482.00,11,'Rhyhorn'),(11,3777.00,8,'Krabby'),(12,3641.00,12,'Pidgeot'),(13,996.00,10,'Tauros'),(14,3623.00,5,'Dragonite'),(15,4484.00,10,'Pidgeotto'),(16,32.00,17,'Venusaur'),(17,2614.00,6,'Horsea'),(18,3693.00,3,'Rhyhorn'),(19,215.00,3,'Chansey'),(20,2673.00,7,'Cubone'),(21,65.00,4,'Gengar'),(22,2169.00,9,'Geodude'),(23,3950.00,2,'Weezing'),(24,4874.00,10,'Arbok'),(25,1116.00,15,'Venusaur'),(26,3426.00,7,'Metapod'),(27,479.00,9,'Beedrill'),(28,3757.00,3,'Geodude'),(29,1750.00,5,'Nidoking'),(30,2306.00,4,'Raichu'),(31,3412.00,0,'Ekans'),(32,2952.00,13,'Jynx'),(33,1557.00,2,'Nidoking'),(34,4159.00,5,'Nidorina'),(35,1388.00,17,'Ninetales'),(36,3071.00,11,'Ponyta'),(37,2897.00,16,'Hypno'),(38,4517.00,5,'Chansey'),(39,2131.00,12,'Lickitung'),(40,91.00,16,'Slowbro'),(41,501.00,15,'Mr. Mime'),(42,4217.00,16,'Omastar'),(43,4256.00,17,'Gyarados'),(44,1688.00,6,'Seadra'),(45,2985.00,7,'Zubat'),(46,4932.00,4,'Shellder'),(47,2279.00,4,'Arcanine'),(48,1805.00,1,'Mr. Mime'),(49,2166.00,17,'Paras'),(50,3668.00,2,'Tauros'),(51,2065.00,9,'Ivysaur'),(52,2727.00,13,'Paras'),(53,4348.00,12,'Charizard'),(54,1822.00,7,'Ponyta'),(55,2913.00,5,'Dragonite'),(56,1887.00,1,'Electabuzz'),(57,2626.00,15,'Weedle'),(58,4848.00,5,'Goldeen'),(59,4610.00,14,'Kadabra'),(60,4370.00,10,'Pidgey'),(61,1516.00,3,'Rapidash'),(62,1997.00,0,'Magikarp'),(63,4097.00,6,'Venonat'),(64,1727.00,12,'Shellder'),(65,3579.00,5,'Voltorb'),(66,868.00,1,'Charizard'),(67,4771.00,11,'Koffing'),(68,1117.00,10,'Diglett'),(69,935.00,9,'Metapod'),(70,834.00,14,'Nidoqueen'),(71,2810.00,10,'Dragonite'),(72,1476.00,10,'Flareon'),(73,856.00,15,'Onix'),(74,2630.00,13,'Vulpix'),(75,443.00,17,'Sandslash'),(76,3481.00,0,'Pikachu'),(77,2536.00,13,'Nidoran'),(78,4191.00,4,'Venusaur'),(79,2825.00,11,'Wartortle'),(80,3626.00,5,'Clefairy'),(81,3280.00,6,'Nidoran'),(82,119.00,4,'Weezing'),(83,713.00,7,'Golem'),(84,1823.00,1,'Pidgeotto'),(85,4189.00,2,'Fearow'),(86,1821.00,4,'Venonat'),(87,247.00,13,'Flareon'),(88,4121.00,5,'Koffing'),(89,3368.00,4,'Clefairy'),(90,815.00,7,'Magmar'),(91,1429.00,14,'Nidoqueen'),(92,1057.00,3,'Exeggutor'),(93,1243.00,6,'Clefairy'),(94,3391.00,16,'Rhydon'),(95,3740.00,4,'Lapras'),(96,1374.00,11,'Seadra'),(97,4547.00,5,'Raichu'),(98,181.00,9,'Golem'),(99,261.00,13,'Lickitung'),(100,2777.00,3,'Nidoking'),(101,1481.00,10,'Electrode'),(102,291.00,7,'Seaking'),(103,77.00,9,'Pidgey'),(104,1532.00,16,'Machoke'),(105,766.00,2,'Mr. Mime'),(106,2014.00,9,'Marowak'),(107,2107.00,1,'Gloom'),(108,771.00,18,'Electrode'),(109,855.00,10,'Pinsir'),(110,4811.00,11,'Wartortle'),(111,1597.00,10,'Seaking'),(112,4466.00,14,'Sandslash'),(113,2066.00,10,'Ditto'),(114,276.00,12,'Dugtrio'),(115,3525.00,16,'Poliwag'),(116,3236.00,0,'Porygon'),(117,4454.00,14,'Beedrill'),(118,1898.00,14,'Doduo'),(119,4091.00,4,'Golbat'),(120,4807.00,2,'Dragonair'),(121,1548.00,14,'Doduo'),(122,4222.00,17,'Dragonite'),(123,964.00,4,'Cloyster'),(124,136.00,12,'Lapras'),(125,563.00,8,'Gengar'),(126,4646.00,18,'Zapdos'),(127,95.00,17,'Venonat'),(128,4571.00,18,'Omastar'),(129,4623.00,3,'Pidgey'),(130,4581.00,14,'Venomoth'),(131,1834.00,7,'Shellder'),(132,922.00,2,'Nidorina'),(133,953.00,5,'Voltorb'),(134,1639.00,15,'Weezing'),(135,327.00,4,'Abra'),(136,4450.00,11,'Tentacruel'),(137,4877.00,17,'Flareon'),(138,1053.00,2,'Muk'),(139,3219.00,4,'Nidorino'),(140,3677.00,12,'Butterfree'),(141,2928.00,3,'Ninetales'),(142,536.00,12,'Drowzee'),(143,1108.00,2,'Dugtrio'),(144,928.00,6,'Mewtwo'),(145,3774.00,11,'Meowth'),(146,2347.00,1,'Zapdos'),(147,4260.00,5,'Slowpoke'),(148,248.00,6,'Cloyster'),(149,4070.00,12,'Voltorb'),(150,4811.00,12,'Kakuna'),(151,327.00,15,'Charmeleon'),(152,1636.00,10,'Nidoqueen'),(153,3023.00,15,'Flareon'),(154,1751.00,12,'Flareon'),(155,3459.00,14,'Eevee'),(156,239.00,18,'Scyther'),(157,2589.00,14,'Pikachu'),(158,2281.00,6,'Venusaur'),(159,2235.00,1,'Vaporeon'),(160,1478.00,8,'Nidoran'),(161,2832.00,13,'Kingler'),(162,1081.00,14,'Grimer'),(163,1395.00,2,'Goldeen'),(164,4175.00,7,'Lapras'),(165,2139.00,8,'Koffing'),(166,1323.00,9,'Drowzee'),(167,3724.00,11,'Marowak'),(168,2034.00,2,'Paras'),(169,2927.00,17,'Sandshrew'),(170,4395.00,13,'Koffing'),(171,1111.00,6,'Ponyta'),(172,950.00,15,'Dragonite'),(173,1556.00,2,'Jolteon'),(174,778.00,5,'Tangela'),(175,4070.00,9,'Raichu'),(176,3624.00,3,'Venonat'),(177,4220.00,9,'Kadabra'),(178,391.00,8,'Primeape'),(179,3740.00,15,'Gengar'),(180,4164.00,5,'Moltres'),(181,2560.00,5,'Mew'),(182,317.00,5,'Electrode'),(183,235.00,13,'Fearow'),(184,536.00,12,'Seadra'),(185,4513.00,7,'Tangela'),(186,559.00,5,'Rapidash'),(187,62.00,7,'Slowbro'),(188,4466.00,3,'Charmander'),(189,1343.00,4,'Ekans'),(190,11.00,10,'Tentacruel'),(191,153.00,2,'Geodude'),(192,3270.00,14,'Weezing'),(193,2098.00,6,'Vaporeon'),(194,3670.00,13,'Primeape'),(195,2379.00,10,'Grimer'),(196,4160.00,1,'Electabuzz'),(197,1940.00,10,'Shellder'),(198,4869.00,13,'Pidgeot'),(199,3628.00,8,'Clefairy'),(200,1020.00,9,'Nidoking'),(201,2923.00,0,'Butterfree'),(202,662.00,8,'Meowth'),(203,2296.00,3,'Exeggcute'),(204,1306.00,6,'Ninetales'),(205,669.00,16,'Machamp'),(206,1362.00,9,'Beedrill'),(207,557.00,14,'Pikachu'),(208,1878.00,17,'Arcanine'),(209,992.00,4,'Rhydon'),(210,103.00,2,'Zubat'),(211,4042.00,2,'Nidorina'),(212,1634.00,8,'Jolteon'),(213,223.00,4,'Gloom'),(214,1340.00,1,'Tauros'),(215,1010.00,18,'Snorlax'),(216,3202.00,8,'Staryu'),(217,4843.00,1,'Magnemite'),(218,2786.00,11,'Tauros'),(219,3837.00,16,'Dugtrio'),(220,2562.00,2,'Goldeen'),(221,3592.00,17,'Nidoran'),(222,1004.00,0,'Spearow'),(223,3262.00,14,'Weepinbell'),(224,4228.00,11,'Mr. Mime'),(225,4439.00,12,'Growlithe'),(226,4619.00,3,'Pidgeot'),(227,2160.00,8,'Primeape'),(228,4103.00,2,'Charizard'),(229,1532.00,11,'Flareon'),(230,3883.00,7,'Ninetales'),(231,3705.00,5,'Gastly'),(232,4545.00,0,'Hypno'),(233,4548.00,11,'Gastly'),(234,2367.00,9,'Butterfree'),(235,1542.00,3,'Rattata'),(236,2907.00,9,'Seadra'),(237,1445.00,0,'Parasect'),(238,3580.00,2,'Zapdos'),(239,1967.00,12,'Tentacruel'),(240,2850.00,18,'Graveler'),(241,3732.00,13,'Diglett'),(242,976.00,15,'Horsea'),(243,1814.00,9,'Raticate'),(244,1868.00,18,'Caterpie'),(245,4859.00,2,'Kakuna'),(246,622.00,18,'Vulpix'),(247,2267.00,3,'Koffing'),(248,4115.00,9,'Shellder'),(249,2620.00,4,'Vileplume'),(250,4695.00,1,'Nidorino'),(251,3833.00,4,'Doduo'),(252,155.00,3,'Machoke'),(253,3904.00,2,'Kabutops'),(254,2333.00,8,'Weezing'),(255,4561.00,6,'Magmar'),(256,760.00,5,'Dragonite'),(257,819.00,15,'Dewgong'),(258,1744.00,11,'Bellsprout'),(259,3281.00,18,'Charmeleon'),(260,923.00,12,'Butterfree'),(261,3508.00,16,'Vileplume'),(262,1617.00,14,'Staryu'),(263,784.00,5,'Arcanine'),(264,2512.00,5,'Sandshrew'),(265,1843.00,12,'Grimer'),(266,3542.00,18,'Dewgong'),(267,3695.00,17,'Rhyhorn'),(268,3633.00,9,'Machoke'),(269,3251.00,18,'Gengar'),(270,2877.00,3,'Charmander'),(271,1110.00,4,'Machamp'),(272,268.00,3,'Tangela'),(273,3631.00,15,'Mew'),(274,543.00,6,'Dragonair'),(275,682.00,14,'Sandshrew'),(276,4452.00,17,'Pidgey'),(277,1757.00,4,'Machop'),(278,3868.00,17,'Charmander'),(279,4057.00,12,'Tangela'),(280,2528.00,12,'Horsea'),(281,4558.00,7,'Tauros'),(282,4081.00,17,'Electabuzz'),(283,480.00,9,'Omastar'),(284,2696.00,15,'Jigglypuff'),(285,826.00,17,'Slowpoke'),(286,1616.00,14,'Wartortle'),(287,508.00,8,'Butterfree'),(288,2052.00,5,'Porygon'),(289,1171.00,13,'Seaking'),(290,4115.00,9,'Aerodactyl'),(291,2953.00,8,'Poliwrath'),(292,2190.00,10,'Meowth'),(293,856.00,3,'Snorlax'),(294,3794.00,12,'Nidoran'),(295,3622.00,17,'Voltorb'),(296,1221.00,11,'Articuno'),(297,4876.00,15,'Lapras'),(298,4630.00,5,'Zubat'),(299,250.00,16,'Exeggutor'),(300,2952.00,15,'Arbok'),(301,1091.00,6,'Lickitung'),(302,3236.00,15,'Pikachu'),(303,291.00,6,'Exeggcute'),(304,841.00,5,'Persian'),(305,134.00,3,'Fearow'),(306,1238.00,11,'Magikarp'),(307,4696.00,2,'Porygon'),(308,1335.00,1,'Rattata'),(309,4401.00,5,'Zapdos'),(310,3790.00,12,'Dewgong'),(311,4584.00,6,'Drowzee'),(312,4241.00,7,'Lapras'),(313,3008.00,3,'Golbat'),(314,2862.00,15,'Marowak'),(315,4873.00,15,'Rhyhorn'),(316,4565.00,12,'Squirtle'),(317,330.00,9,'Machop'),(318,2161.00,2,'Goldeen'),(319,1113.00,2,'Hitmonchan'),(320,1172.00,9,'Venusaur'),(321,4399.00,11,'Jolteon'),(322,2882.00,10,'Raticate'),(323,420.00,16,'Oddish'),(324,669.00,16,'Golbat'),(325,4558.00,10,'Nidoran'),(326,1277.00,1,'Parasect'),(327,4206.00,6,'Golem'),(328,3822.00,0,'Electabuzz'),(329,4088.00,7,'Poliwrath'),(330,934.00,6,'Tauros'),(331,3011.00,12,'Moltres'),(332,4451.00,12,'Wigglytuff'),(333,3459.00,0,'Gloom'),(334,1835.00,17,'Persian'),(335,4923.00,6,'Raticate'),(336,1822.00,16,'Mewtwo'),(337,4308.00,3,'Shellder'),(338,3098.00,10,'Charmander'),(339,1475.00,8,'Magnemite'),(340,3674.00,14,'Seadra'),(341,2324.00,5,'Machop'),(342,2036.00,6,'Doduo'),(343,337.00,3,'Moltres'),(344,1820.00,10,'Doduo'),(345,3409.00,1,'Porygon'),(346,3251.00,3,'Mew'),(347,2121.00,7,'Flareon'),(348,1047.00,1,'Growlithe'),(349,4503.00,8,'Nidoran'),(350,2758.00,14,'Dodrio'),(351,164.00,12,'Zubat'),(352,4262.00,10,'Blastoise'),(353,4312.00,5,'Cloyster'),(354,163.00,4,'Graveler'),(355,2939.00,8,'Diglett'),(356,3015.00,13,'Machamp'),(357,2909.00,0,'Exeggcute'),(358,785.00,15,'Ditto'),(359,2558.00,3,'Pidgeot'),(360,4902.00,10,'Scyther'),(361,1799.00,7,'Poliwrath'),(362,1959.00,8,'Onix'),(363,4954.00,12,'Raichu'),(364,4450.00,13,'Dragonite'),(365,3256.00,15,'Charmander'),(366,2306.00,13,'Persian'),(367,4545.00,14,'Growlithe'),(368,2170.00,8,'Onix'),(369,3422.00,18,'Onix'),(370,2183.00,5,'Omanyte'),(371,1842.00,13,'Dewgong'),(372,1341.00,14,'Electrode'),(373,979.00,11,'Tentacool'),(374,4304.00,8,'Butterfree'),(375,4704.00,8,'Poliwrath'),(376,4364.00,8,'Abra'),(377,4202.00,6,'Kingler'),(378,1292.00,11,'Seadra'),(379,576.00,6,'Omanyte'),(380,1527.00,12,'Voltorb'),(381,150.00,18,'Squirtle'),(382,1449.00,16,'Seaking'),(383,1159.00,16,'Ivysaur'),(384,1678.00,1,'Primeape'),(385,3989.00,14,'Tentacruel'),(386,1847.00,12,'Gyarados'),(387,4633.00,14,'Tentacool'),(388,588.00,10,'Onix'),(389,3182.00,11,'Machop'),(390,2106.00,7,'Chansey'),(391,2223.00,3,'Venusaur'),(392,1436.00,13,'Slowpoke'),(393,3480.00,13,'Raticate'),(394,1656.00,15,'Omastar'),(395,4528.00,15,'Dratini'),(396,75.00,2,'Spearow'),(397,895.00,14,'Voltorb'),(398,2498.00,16,'Hitmonlee'),(399,1946.00,3,'Mewtwo'),(400,3068.00,3,'Electrode'),(401,4187.00,12,'Nidorino'),(402,3738.00,17,'Seadra'),(403,2823.00,10,'Charmander'),(404,2675.00,8,'Meowth'),(405,3124.00,0,'Seaking'),(406,3432.00,6,'Oddish'),(407,4453.00,13,'Kakuna'),(408,301.00,2,'Vileplume'),(409,3564.00,0,'Horsea'),(410,3365.00,9,'Pidgeot'),(411,4867.00,13,'Magmar'),(412,1048.00,2,'Rhydon'),(413,100.00,4,'Magikarp'),(414,890.00,10,'Pinsir'),(415,4355.00,16,'Sandslash'),(416,2877.00,12,'Pidgeotto'),(417,3276.00,2,'Kingler'),(418,4241.00,12,'Doduo'),(419,401.00,1,'Vileplume'),(420,4585.00,15,'Scyther'),(421,3176.00,0,'Rhydon'),(422,4138.00,3,'Dragonite'),(423,1625.00,9,'Kabuto'),(424,2970.00,3,'Onix'),(425,2524.00,3,'Starmie'),(426,4361.00,8,'Fearow'),(427,889.00,18,'Eevee'),(428,722.00,17,'Weedle'),(429,1590.00,13,'Seadra'),(430,2995.00,13,'Slowbro'),(431,308.00,5,'Vaporeon'),(432,3054.00,16,'Diglett'),(433,4227.00,0,'Mankey'),(434,4273.00,0,'Rattata'),(435,851.00,9,'Diglett'),(436,747.00,6,'Grimer'),(437,4230.00,8,'Wigglytuff'),(438,2713.00,3,'Ivysaur'),(439,522.00,3,'Psyduck'),(440,3133.00,4,'Nidoqueen'),(441,502.00,1,'Pidgey'),(442,2193.00,9,'Slowpoke'),(443,4594.00,13,'Jigglypuff'),(444,3178.00,6,'Dugtrio'),(445,2986.00,17,'Lapras'),(446,3963.00,18,'Tangela'),(447,3826.00,13,'Pinsir'),(448,4411.00,5,'Arbok'),(449,3758.00,5,'Caterpie'),(450,1934.00,13,'Metapod'),(451,3364.00,6,'Eevee'),(452,1466.00,18,'Raticate'),(453,540.00,13,'Jynx'),(454,873.00,17,'Slowpoke'),(455,4562.00,11,'Muk'),(456,598.00,8,'Tentacruel'),(457,1761.00,3,'Poliwrath'),(458,2408.00,8,'Vaporeon'),(459,2560.00,3,'Gastly'),(460,1962.00,7,'Tangela'),(461,4303.00,16,'Moltres'),(462,4136.00,14,'Persian'),(463,2921.00,2,'Articuno'),(464,2571.00,14,'Tentacruel'),(465,4415.00,8,'Onix'),(466,661.00,5,'Kakuna'),(467,3702.00,10,'Raichu'),(468,721.00,11,'Nidorino'),(469,685.00,17,'Aerodactyl'),(470,3948.00,0,'Aerodactyl'),(471,1647.00,17,'Mr. Mime'),(472,1613.00,1,'Magikarp'),(473,370.00,6,'Haunter'),(474,4004.00,10,'Vaporeon'),(475,914.00,16,'Nidorino'),(476,3999.00,11,'Charmeleon'),(477,631.00,3,'Exeggutor'),(478,2500.00,11,'Golem'),(479,3697.00,15,'Abra'),(480,3733.00,1,'Omastar'),(481,70.00,6,'Tentacruel'),(482,3551.00,6,'Magneton'),(483,3488.00,13,'Voltorb'),(484,4274.00,1,'Staryu'),(485,3039.00,12,'Caterpie'),(486,1547.00,7,'Rhydon'),(487,4175.00,5,'Bellsprout'),(488,3056.00,7,'Chansey'),(489,1852.00,6,'Golduck'),(490,47.00,11,'Ditto'),(491,3493.00,4,'Jynx'),(492,1417.00,13,'Dragonair'),(493,1180.00,9,'Exeggutor'),(494,4643.00,11,'Charmeleon'),(495,3059.00,8,'Electrode'),(496,3831.00,2,'Dewgong'),(497,4467.00,7,'Jynx'),(498,944.00,3,'Dragonite'),(499,3920.00,13,'Jolteon'),(500,1499.00,7,'Poliwrath'),(501,1285.00,6,'Gengar'),(502,3085.00,4,'Hitmonchan'),(503,2993.00,14,'Eevee'),(504,2612.00,12,'Electrode'),(505,890.00,2,'Machamp'),(506,854.00,5,'Hitmonlee'),(507,890.00,9,'Nidoran'),(508,3025.00,12,'Ekans'),(509,3654.00,3,'Wartortle'),(510,2170.00,16,'Seadra'),(511,4480.00,14,'Exeggcute'),(512,2408.00,4,'Articuno'),(513,3519.00,3,'Pikachu'),(514,3882.00,15,'Cubone'),(515,1439.00,15,'Lickitung'),(516,4689.00,13,'Omanyte'),(517,4547.00,9,'Farfetch\'d'),(518,4284.00,2,'Tangela'),(519,3220.00,3,'Spearow'),(520,242.00,14,'Raticate'),(521,3967.00,16,'Metapod'),(522,4150.00,1,'Kangaskhan'),(523,597.00,6,'Graveler'),(524,3922.00,14,'Dragonite'),(525,1844.00,2,'Machop'),(526,190.00,18,'Grimer'),(527,345.00,11,'Lapras'),(528,3926.00,6,'Nidorino'),(529,1822.00,7,'Ditto'),(530,205.00,9,'Weedle'),(531,845.00,11,'Cubone'),(532,2431.00,9,'Zubat'),(533,935.00,3,'Machoke'),(534,3010.00,17,'Cloyster'),(535,1813.00,4,'Rapidash'),(536,3075.00,13,'Machop'),(537,3452.00,4,'Golduck'),(538,4416.00,1,'Marowak'),(539,353.00,14,'Eevee'),(540,41.00,11,'Kakuna'),(541,4704.00,6,'Zapdos'),(542,4178.00,12,'Raticate'),(543,3640.00,9,'Geodude'),(544,4699.00,0,'Psyduck'),(545,830.00,10,'Fearow'),(546,3808.00,2,'Machop'),(547,2907.00,2,'Pidgey'),(548,1463.00,12,'Oddish'),(549,2384.00,8,'Kingler'),(550,685.00,15,'Poliwag'),(551,125.00,2,'Seadra'),(552,921.00,3,'Sandshrew'),(553,96.00,17,'Tentacruel'),(554,3930.00,14,'Pinsir'),(555,1701.00,2,'Dewgong'),(556,1325.00,2,'Blastoise'),(557,3255.00,1,'Mr. Mime'),(558,4777.00,10,'Kakuna'),(559,4732.00,7,'Magnemite'),(560,4582.00,16,'Rhydon'),(561,4932.00,2,'Vaporeon'),(562,2364.00,1,'Paras'),(563,787.00,9,'Machop'),(564,2666.00,18,'Metapod'),(565,4478.00,14,'Butterfree'),(566,1578.00,17,'Vulpix'),(567,3553.00,8,'Kadabra'),(568,4158.00,8,'Ponyta'),(569,4347.00,7,'Slowbro'),(570,2618.00,5,'Pinsir'),(571,443.00,13,'Weedle'),(572,2487.00,11,'Grimer'),(573,4406.00,12,'Rapidash'),(574,4826.00,17,'Ditto'),(575,2925.00,1,'Charmeleon'),(576,3719.00,6,'Butterfree'),(577,2350.00,1,'Wigglytuff'),(578,1862.00,4,'Clefable'),(579,2957.00,4,'Magneton'),(580,3350.00,4,'Fearow'),(581,2563.00,9,'Zubat'),(582,733.00,10,'Weedle'),(583,4838.00,1,'Oddish'),(584,1530.00,17,'Metapod'),(585,3512.00,1,'Ponyta'),(586,4767.00,16,'Haunter'),(587,2008.00,3,'Vileplume'),(588,2406.00,1,'Poliwrath'),(589,1816.00,17,'Exeggutor'),(590,1334.00,15,'Shellder'),(591,2415.00,1,'Pinsir'),(592,3579.00,6,'Vileplume'),(593,1377.00,16,'Nidoking'),(594,4496.00,0,'Venonat'),(595,2318.00,8,'Bellsprout'),(596,918.00,10,'Scyther'),(597,1149.00,10,'Horsea'),(598,3922.00,16,'Hitmonlee'),(599,990.00,15,'Rapidash'),(600,1284.00,15,'Doduo');
/*!40000 ALTER TABLE `proizvod` ENABLE KEYS */;
UNLOCK TABLES;

--
-- Table structure for table `racun`
--

DROP TABLE IF EXISTS `racun`;
/*!40101 SET @saved_cs_client     = @@character_set_client */;
/*!50503 SET character_set_client = utf8mb4 */;
CREATE TABLE `racun` (
  `sifra` int(11) NOT NULL AUTO_INCREMENT,
  `brojRacuna` varchar(255) DEFAULT NULL,
  `nacinPlacanja` varchar(255) DEFAULT NULL,
  `vrijemeKupovine` datetime(6) DEFAULT NULL,
  `djelatnik_sifra` int(11) DEFAULT NULL,
  `kupac_sifra` int(11) DEFAULT NULL,
  PRIMARY KEY (`sifra`),
  KEY `FKgc3icp1ukgrxsuajkli169p3t` (`djelatnik_sifra`),
  KEY `FKm2kredb5vj1p5e6xdhby4q8xg` (`kupac_sifra`),
  CONSTRAINT `FKgc3icp1ukgrxsuajkli169p3t` FOREIGN KEY (`djelatnik_sifra`) REFERENCES `djelatnik` (`sifra`),
  CONSTRAINT `FKm2kredb5vj1p5e6xdhby4q8xg` FOREIGN KEY (`kupac_sifra`) REFERENCES `kupac` (`sifra`)
) ENGINE=InnoDB AUTO_INCREMENT=101 DEFAULT CHARSET=utf8mb4 COLLATE=utf8mb4_general_ci;
/*!40101 SET character_set_client = @saved_cs_client */;

--
-- Dumping data for table `racun`
--

LOCK TABLES `racun` WRITE;
/*!40000 ALTER TABLE `racun` DISABLE KEYS */;
INSERT INTO `racun` VALUES (1,'370-2022','Lari','2023-08-15 14:49:20.450000',1,32),(2,'835-2022','Belarussian Ruble','2023-01-14 06:14:38.849000',6,33),(3,'556-2020','Rufiyaa','2020-11-26 19:38:42.930000',5,38),(4,'578-2023','Zambian Kwacha','2021-03-22 08:18:25.181000',6,68),(5,'149-2023','Kroon','2021-08-19 03:10:16.503000',2,2),(6,'711-2020','Nuevo Sol','2023-06-10 21:28:30.251000',3,43),(7,'446-2023','Lilangeni','2022-01-30 08:24:38.525000',3,12),(8,'443-2021','Gourde US Dollar','2023-10-01 03:33:04.436000',2,37),(9,'154-2022','Yemeni Rial','2022-03-09 05:22:22.537000',1,70),(10,'218-2023','Denar','2021-02-21 04:35:20.824000',4,54),(11,'845-2021','North Korean Won','2023-10-06 01:17:51.975000',2,54),(12,'340-2020','Congolese Franc','2022-03-29 11:49:20.454000',4,72),(13,'795-2020','Denar','2023-04-18 10:54:51.587000',2,25),(14,'484-2020','Chilean Peso Unidades de fomento','2020-11-29 09:24:21.069000',5,67),(15,'778-2021','Iraqi Dinar','2022-04-27 19:25:46.298000',2,26),(16,'764-2023','Kuwaiti Dinar','2022-06-04 11:29:43.808000',4,40),(17,'487-2022','Dominican Peso','2021-04-03 11:39:25.060000',2,4),(18,'600-2022','Gibraltar Pound','2022-07-02 12:53:38.594000',2,37),(19,'199-2021','East Caribbean Dollar','2023-09-18 06:18:36.041000',3,17),(20,'567-2021','European Unit of Account 17(E.U.A.-17)','2023-01-01 15:54:18.899000',1,18),(21,'231-2021','Kip','2023-09-19 16:38:14.588000',5,63),(22,'872-2020','Saint Helena Pound','2021-10-28 13:00:32.884000',2,4),(23,'342-2021','Surinam Dollar','2022-02-04 00:12:04.304000',6,25),(24,'170-2020','Indian Rupee Ngultrum','2023-03-15 18:14:03.842000',6,13),(25,'746-2020','Baht','2022-08-13 18:33:01.544000',1,55),(26,'618-2022','Euro','2021-04-09 11:37:22.286000',6,27),(27,'682-2022','Dominican Peso','2022-09-05 08:22:38.862000',2,55),(28,'587-2022','UIC-Franc','2021-11-17 23:30:39.785000',4,53),(29,'749-2023','Nuevo Sol','2021-02-19 06:51:04.976000',1,64),(30,'508-2021','Russian Ruble','2021-06-05 14:17:24.052000',2,44),(31,'390-2021','Jordanian Dinar','2022-09-30 16:50:51.680000',5,33),(32,'682-2020','Tala','2023-01-11 01:06:14.096000',6,5),(33,'698-2021','Sri Lanka Rupee','2023-06-05 20:54:52.224000',4,44),(34,'840-2020','Gourde US Dollar','2023-04-17 02:40:37.936000',5,25),(35,'629-2020','Colombian Peso Unidad de Valor Real','2023-04-15 00:27:00.705000',3,7),(36,'395-2022','Won','2021-03-09 20:26:57.136000',5,24),(37,'340-2020','Hong Kong Dollar','2021-07-10 03:12:49.861000',3,6),(38,'360-2021','Rand Namibia Dollar','2023-03-01 05:56:31.552000',4,63),(39,'406-2019','Tanzanian Shilling','2023-06-10 20:03:38.752000',3,24),(40,'178-2021','Pakistan Rupee','2022-11-07 13:55:06.245000',3,72),(41,'690-2023','Moroccan Dirham','2022-06-02 20:24:33.961000',3,18),(42,'534-2023','SDR','2022-02-04 11:37:19.519000',3,58),(43,'540-2021','Trinidad and Tobago Dollar','2023-03-16 04:17:08.257000',4,3),(44,'217-2020','Ethiopian Birr','2022-05-21 15:33:51.125000',2,2),(45,'267-2020','Egyptian Pound','2022-06-04 13:02:14.769000',2,25),(46,'743-2019','Pula','2022-04-11 10:20:00.306000',4,65),(47,'800-2023','Lempira','2021-10-30 07:04:44.599000',3,29),(48,'104-2022','CFA Franc BEAC','2022-01-14 13:44:32.831000',6,19),(49,'757-2023','Sudanese Pound','2022-06-25 20:50:18.902000',4,62),(50,'181-2020','Iranian Rial','2023-08-17 18:28:58.070000',4,67),(51,'391-2021','Aruban Guilder','2021-12-21 08:36:10.784000',5,2),(52,'226-2019','Quetzal','2022-12-29 21:13:45.863000',5,51),(53,'730-2020','Rupiah','2023-02-15 21:50:51.201000',5,30),(54,'712-2021','Argentine Peso','2021-01-21 14:38:31.368000',1,46),(55,'490-2023','Som','2021-03-18 01:44:10.755000',3,20),(56,'708-2023','Liberian Dollar','2021-04-17 04:02:03.361000',3,9),(57,'382-2020','Hryvnia','2022-07-02 19:06:21.387000',3,39),(58,'210-2020','CFP Franc','2022-10-12 17:45:55.029000',4,35),(59,'504-2023','Zloty','2022-02-19 22:47:12.487000',2,25),(60,'389-2020','Indian Rupee Ngultrum','2022-09-08 17:09:55.836000',4,34),(61,'261-2020','Balboa US Dollar','2021-03-07 02:02:36.661000',4,33),(62,'809-2020','Bahraini Dinar','2022-03-28 01:10:02.179000',5,12),(63,'829-2022','East Caribbean Dollar','2023-07-30 02:03:31.348000',3,16),(64,'485-2022','Bahraini Dinar','2023-05-09 01:11:09.008000',5,49),(65,'410-2020','Zambian Kwacha','2021-03-21 22:27:20.804000',2,52),(66,'219-2022','Congolese Franc','2023-08-13 07:26:59.199000',4,7),(67,'225-2023','Rupiah','2021-09-08 14:27:41.359000',2,14),(68,'161-2021','New Israeli Sheqel','2022-12-19 10:13:21.003000',1,65),(69,'505-2021','Yemeni Rial','2023-02-22 02:44:10.464000',2,67),(70,'344-2023','Euro','2021-11-11 02:22:43.720000',5,50),(71,'670-2022','Kina','2021-08-15 18:53:19.633000',1,70),(72,'242-2023','Hryvnia','2022-02-11 00:49:30.872000',6,9),(73,'828-2023','Malaysian Ringgit','2021-01-30 06:24:15.437000',5,8),(74,'364-2023','Rand Namibia Dollar','2021-05-30 00:49:20.283000',2,44),(75,'311-2022','Vatu','2023-07-11 23:41:32.647000',6,48),(76,'527-2023','Palladium','2021-05-10 07:46:00.721000',6,24),(77,'328-2023','Libyan Dinar','2022-07-23 06:37:24.586000',2,68),(78,'138-2022','Cordoba Oro','2023-01-23 18:04:28.449000',6,67),(79,'655-2021','Argentine Peso','2021-05-07 09:32:34.448000',2,57),(80,'799-2021','Pula','2021-02-10 18:28:52.423000',5,44),(81,'287-2020','European Unit of Account 17(E.U.A.-17)','2023-02-28 23:50:32.138000',4,70),(82,'888-2020','Euro','2022-06-07 13:37:35.830000',2,57),(83,'583-2023','Taka','2023-10-04 03:03:02.963000',6,16),(84,'664-2021','Burundi Franc','2021-09-11 04:12:22.766000',2,12),(85,'886-2021','Yuan Renminbi','2021-12-17 05:35:45.040000',2,26),(86,'525-2021','Bahamian Dollar','2023-03-01 16:53:48.731000',6,12),(87,'849-2019','Nuevo Sol','2021-07-18 07:09:06.080000',5,20),(88,'589-2021','Won','2021-04-10 05:35:15.246000',4,18),(89,'769-2022','El Salvador Colon US Dollar','2021-11-21 00:28:25.838000',2,34),(90,'187-2019','Som','2021-08-27 05:46:18.174000',4,38),(91,'405-2023','New Zealand Dollar','2022-04-26 08:27:29.129000',5,62),(92,'633-2021','Norwegian Krone','2021-09-17 16:02:21.896000',5,65),(93,'271-2023','Australian Dollar','2022-03-20 14:13:17.792000',6,70),(94,'379-2023','Falkland Islands Pound','2021-08-12 17:08:55.847000',4,28),(95,'134-2022','Sudanese Pound','2023-09-09 17:52:38.465000',3,56),(96,'164-2023','Kina','2020-10-25 22:08:44.197000',3,35),(97,'242-2020','Guinea Franc','2021-07-09 14:59:58.886000',3,47),(98,'173-2022','European Monetary Unit (E.M.U.-6)','2020-11-05 05:37:50.918000',4,60),(99,'857-2020','Costa Rican Colon','2023-01-23 12:49:40.116000',5,64),(100,'565-2019','Quetzal','2022-08-01 18:11:52.997000',5,7);
/*!40000 ALTER TABLE `racun` ENABLE KEYS */;
UNLOCK TABLES;

--
-- Table structure for table `stavka`
--

DROP TABLE IF EXISTS `stavka`;
/*!40101 SET @saved_cs_client     = @@character_set_client */;
/*!50503 SET character_set_client = utf8mb4 */;
CREATE TABLE `stavka` (
  `sifra` int(11) NOT NULL AUTO_INCREMENT,
  `kolicina` int(11) DEFAULT NULL,
  `proizvod_sifra` int(11) DEFAULT NULL,
  `racun_sifra` int(11) DEFAULT NULL,
  PRIMARY KEY (`sifra`),
  KEY `FKmipruympd70juf39lxe1mm8d4` (`proizvod_sifra`),
  KEY `FK2ovaqwkvayo9xm2sppf5kob2c` (`racun_sifra`),
  CONSTRAINT `FK2ovaqwkvayo9xm2sppf5kob2c` FOREIGN KEY (`racun_sifra`) REFERENCES `racun` (`sifra`),
  CONSTRAINT `FKmipruympd70juf39lxe1mm8d4` FOREIGN KEY (`proizvod_sifra`) REFERENCES `proizvod` (`sifra`)
) ENGINE=InnoDB AUTO_INCREMENT=2001 DEFAULT CHARSET=utf8mb4 COLLATE=utf8mb4_general_ci;
/*!40101 SET character_set_client = @saved_cs_client */;

--
-- Dumping data for table `stavka`
--

LOCK TABLES `stavka` WRITE;
/*!40000 ALTER TABLE `stavka` DISABLE KEYS */;
INSERT INTO `stavka` VALUES (1,2,125,1),(2,4,476,58),(3,3,563,5),(4,2,555,44),(5,6,227,67),(6,4,579,86),(7,3,196,29),(8,9,54,89),(9,8,168,41),(10,3,529,31),(11,7,567,9),(12,8,101,86),(13,2,564,41),(14,5,381,76),(15,9,388,25),(16,8,421,54),(17,8,342,75),(18,3,205,48),(19,7,94,68),(20,9,69,86),(21,3,360,44),(22,1,318,23),(23,2,559,63),(24,2,462,29),(25,9,481,41),(26,8,124,25),(27,8,305,82),(28,6,355,48),(29,8,196,45),(30,7,555,24),(31,5,162,12),(32,5,578,57),(33,4,352,5),(34,6,55,70),(35,6,4,86),(36,7,230,68),(37,7,448,47),(38,9,305,27),(39,9,553,47),(40,9,193,55),(41,4,184,51),(42,1,9,44),(43,9,237,21),(44,7,116,29),(45,5,211,20),(46,7,207,38),(47,1,529,85),(48,5,53,1),(49,9,387,35),(50,9,396,76),(51,2,363,16),(52,9,140,78),(53,6,394,69),(54,6,44,69),(55,3,340,3),(56,3,199,22),(57,9,525,88),(58,8,15,73),(59,5,385,38),(60,1,348,21),(61,7,226,5),(62,6,405,56),(63,1,525,62),(64,9,30,8),(65,2,401,89),(66,3,459,84),(67,2,302,52),(68,3,335,49),(69,7,125,67),(70,9,278,28),(71,9,531,77),(72,8,525,34),(73,8,454,39),(74,8,125,10),(75,9,145,76),(76,9,121,60),(77,5,477,4),(78,3,80,89),(79,2,531,32),(80,3,135,3),(81,6,455,83),(82,7,209,51),(83,2,443,54),(84,5,454,38),(85,2,58,61),(86,1,393,85),(87,3,136,85),(88,5,181,89),(89,7,20,14),(90,4,325,5),(91,4,472,88),(92,6,176,43),(93,4,118,32),(94,4,247,31),(95,6,323,61),(96,9,510,66),(97,8,108,54),(98,9,76,59),(99,9,414,71),(100,8,451,6),(101,8,11,58),(102,3,452,37),(103,2,162,20),(104,3,526,89),(105,6,552,33),(106,7,258,43),(107,5,226,3),(108,6,325,68),(109,1,550,43),(110,2,358,6),(111,9,156,13),(112,3,401,51),(113,8,156,83),(114,9,67,2),(115,5,385,67),(116,4,387,46),(117,8,365,42),(118,7,10,25),(119,5,551,14),(120,4,180,62),(121,3,307,78),(122,7,285,6),(123,7,201,32),(124,8,23,38),(125,9,239,78),(126,2,356,79),(127,5,388,56),(128,6,394,36),(129,5,13,77),(130,1,525,14),(131,4,326,87),(132,5,224,90),(133,9,128,8),(134,6,62,79),(135,8,578,27),(136,9,524,2),(137,5,70,68),(138,2,197,70),(139,9,391,46),(140,5,403,15),(141,5,285,46),(142,8,291,44),(143,8,205,36),(144,6,334,11),(145,3,65,32),(146,3,143,34),(147,2,121,73),(148,9,540,25),(149,1,486,36),(150,7,419,9),(151,8,210,48),(152,4,188,86),(153,5,236,24),(154,5,458,63),(155,8,361,62),(156,2,477,58),(157,7,543,29),(158,2,482,14),(159,8,49,70),(160,8,144,24),(161,5,340,70),(162,5,19,59),(163,6,104,30),(164,8,207,7),(165,3,455,75),(166,8,284,50),(167,4,247,49),(168,7,560,61),(169,6,402,74),(170,6,199,75),(171,5,143,42),(172,7,488,63),(173,8,44,53),(174,2,212,7),(175,4,56,27),(176,9,460,31),(177,5,404,23),(178,8,18,2),(179,6,85,16),(180,2,544,82),(181,4,30,88),(182,4,457,75),(183,9,290,85),(184,2,43,41),(185,8,575,33),(186,9,60,44),(187,4,333,34),(188,8,174,16),(189,9,497,64),(190,2,230,14),(191,6,100,24),(192,3,270,45),(193,8,96,77),(194,6,311,20),(195,2,94,59),(196,7,413,37),(197,2,423,60),(198,2,343,63),(199,7,535,88),(200,7,213,41),(201,1,355,39),(202,3,201,87),(203,4,127,59),(204,9,219,45),(205,2,183,78),(206,8,185,64),(207,9,354,62),(208,4,431,31),(209,6,390,77),(210,4,525,50),(211,1,85,87),(212,1,554,20),(213,9,397,13),(214,8,328,82),(215,1,389,86),(216,3,112,29),(217,3,546,67),(218,4,460,28),(219,8,126,34),(220,2,316,54),(221,8,485,50),(222,3,13,69),(223,7,15,38),(224,1,464,10),(225,9,279,39),(226,6,46,48),(227,7,294,82),(228,7,431,36),(229,9,18,33),(230,4,434,47),(231,5,449,42),(232,2,506,56),(233,3,549,67),(234,4,233,16),(235,9,365,33),(236,2,534,86),(237,9,181,19),(238,5,148,76),(239,6,86,64),(240,9,219,6),(241,7,389,76),(242,7,450,54),(243,3,123,85),(244,9,207,50),(245,7,400,6),(246,9,233,42),(247,2,295,51),(248,7,201,6),(249,2,149,59),(250,7,319,51),(251,5,358,81),(252,2,69,42),(253,9,77,71),(254,7,12,77),(255,2,155,46),(256,4,62,52),(257,1,487,88),(258,5,392,73),(259,6,330,64),(260,5,75,12),(261,2,400,76),(262,2,329,80),(263,3,190,75),(264,8,414,81),(265,4,541,84),(266,7,502,72),(267,9,174,65),(268,5,490,59),(269,4,401,3),(270,8,195,54),(271,8,427,87),(272,9,32,87),(273,7,216,64),(274,2,37,27),(275,5,544,74),(276,3,481,67),(277,5,43,67),(278,3,330,11),(279,4,61,49),(280,7,507,76),(281,5,388,55),(282,6,386,39),(283,2,204,81),(284,5,245,34),(285,5,111,85),(286,9,50,52),(287,4,501,74),(288,7,90,46),(289,2,511,4),(290,9,160,7),(291,2,568,62),(292,7,169,33),(293,8,263,64),(294,6,463,90),(295,2,156,38),(296,3,538,16),(297,3,397,57),(298,5,388,22),(299,5,70,7),(300,6,288,11),(301,4,243,84),(302,2,205,55),(303,5,190,69),(304,6,263,55),(305,6,429,86),(306,1,12,86),(307,2,34,50),(308,9,162,15),(309,4,80,74),(310,1,96,44),(311,5,39,44),(312,9,263,63),(313,7,27,89),(314,5,480,45),(315,9,314,70),(316,4,241,3),(317,4,545,42),(318,6,97,21),(319,2,489,77),(320,6,126,75),(321,2,584,10),(322,9,372,4),(323,6,85,33),(324,5,59,23),(325,4,120,24),(326,5,393,60),(327,4,335,17),(328,9,82,3),(329,1,55,9),(330,5,97,55),(331,8,535,72),(332,2,482,50),(333,4,295,24),(334,4,56,90),(335,8,389,73),(336,5,132,32),(337,2,505,40),(338,3,420,89),(339,4,522,64),(340,1,288,46),(341,6,363,73),(342,7,253,54),(343,9,27,20),(344,9,32,43),(345,8,509,42),(346,9,215,55),(347,9,204,20),(348,1,60,73),(349,9,247,6),(350,7,169,29),(351,4,482,68),(352,8,201,34),(353,3,461,76),(354,8,20,71),(355,9,370,2),(356,5,402,21),(357,9,206,85),(358,7,572,56),(359,7,337,75),(360,2,276,86),(361,6,364,80),(362,6,20,41),(363,3,446,49),(364,9,505,36),(365,8,216,22),(366,4,349,31),(367,7,201,77),(368,9,204,61),(369,9,407,47),(370,2,253,7),(371,5,36,77),(372,8,405,77),(373,4,260,82),(374,4,435,75),(375,8,449,52),(376,8,37,44),(377,9,212,7),(378,1,366,40),(379,5,335,10),(380,1,110,60),(381,8,543,21),(382,6,461,90),(383,4,114,21),(384,1,108,4),(385,4,349,70),(386,5,249,7),(387,9,510,16),(388,2,367,5),(389,8,119,61),(390,4,216,36),(391,8,178,37),(392,2,279,55),(393,3,54,68),(394,4,579,69),(395,2,199,20),(396,5,374,35),(397,2,304,7),(398,5,448,49),(399,5,35,43),(400,6,521,54),(401,4,326,72),(402,6,135,79),(403,8,569,12),(404,3,584,27),(405,5,567,69),(406,8,257,48),(407,8,501,31),(408,9,30,61),(409,2,523,7),(410,7,314,36),(411,9,90,11),(412,8,366,18),(413,3,477,61),(414,4,370,11),(415,9,570,31),(416,2,423,79),(417,6,82,16),(418,4,524,37),(419,6,471,26),(420,4,321,14),(421,6,236,33),(422,6,37,12),(423,5,46,40),(424,1,109,26),(425,7,22,46),(426,6,164,73),(427,8,163,59),(428,7,269,54),(429,5,58,27),(430,8,9,89),(431,4,506,51),(432,2,249,29),(433,9,66,62),(434,9,235,15),(435,6,542,10),(436,6,193,25),(437,5,142,71),(438,3,314,55),(439,2,579,71),(440,7,94,69),(441,3,94,15),(442,9,491,40),(443,3,58,53),(444,4,66,63),(445,5,439,39),(446,8,535,63),(447,9,60,84),(448,9,194,27),(449,1,255,33),(450,8,224,60),(451,2,448,32),(452,5,524,77),(453,7,15,1),(454,9,474,43),(455,9,521,56),(456,4,543,65),(457,2,351,54),(458,2,363,90),(459,2,153,26),(460,1,377,35),(461,6,435,50),(462,9,154,79),(463,7,17,86),(464,6,26,44),(465,2,39,20),(466,4,335,60),(467,4,563,90),(468,9,194,25),(469,6,479,39),(470,2,362,59),(471,3,80,69),(472,6,563,22),(473,2,450,75),(474,8,533,17),(475,8,52,14),(476,2,375,36),(477,5,408,88),(478,3,513,43),(479,4,170,8),(480,5,172,3),(481,4,243,52),(482,8,166,27),(483,2,448,57),(484,1,366,73),(485,9,368,14),(486,6,364,80),(487,6,236,22),(488,5,264,51),(489,2,344,45),(490,7,402,3),(491,3,363,39),(492,7,300,84),(493,9,15,85),(494,7,549,79),(495,4,327,31),(496,6,413,88),(497,3,232,86),(498,1,284,21),(499,1,570,30),(500,7,46,7),(501,5,94,57),(502,7,461,55),(503,9,201,86),(504,4,446,35),(505,1,268,76),(506,8,572,48),(507,1,98,43),(508,3,144,46),(509,2,4,81),(510,2,309,14),(511,7,478,73),(512,9,349,66),(513,9,435,62),(514,9,308,36),(515,4,302,61),(516,3,410,55),(517,5,220,57),(518,6,267,41),(519,9,383,27),(520,2,558,24),(521,3,581,15),(522,9,70,35),(523,7,3,27),(524,6,466,45),(525,2,44,70),(526,9,544,51),(527,8,450,16),(528,7,240,37),(529,9,465,81),(530,6,435,35),(531,2,223,33),(532,4,495,67),(533,9,296,89),(534,4,380,67),(535,6,564,62),(536,1,557,11),(537,4,277,5),(538,1,56,78),(539,7,143,43),(540,2,306,8),(541,2,65,35),(542,3,320,4),(543,4,251,51),(544,3,177,12),(545,1,88,40),(546,8,76,13),(547,8,545,72),(548,5,93,44),(549,8,33,28),(550,7,398,62),(551,8,531,78),(552,9,291,80),(553,3,211,72),(554,1,134,82),(555,3,481,48),(556,9,458,4),(557,9,282,57),(558,3,200,67),(559,1,419,19),(560,4,255,81),(561,6,514,66),(562,5,440,6),(563,9,507,35),(564,9,184,6),(565,9,550,74),(566,5,132,65),(567,5,518,88),(568,1,103,88),(569,4,327,73),(570,2,531,89),(571,6,406,73),(572,3,297,21),(573,4,492,14),(574,9,183,69),(575,9,428,58),(576,2,418,3),(577,5,141,21),(578,9,273,26),(579,7,27,17),(580,9,576,66),(581,6,80,46),(582,2,551,70),(583,5,523,29),(584,4,32,37),(585,9,281,46),(586,6,249,11),(587,1,153,89),(588,2,452,85),(589,6,328,68),(590,6,451,56),(591,5,226,35),(592,4,517,60),(593,6,558,28),(594,7,243,31),(595,5,379,88),(596,7,300,23),(597,3,46,6),(598,7,85,77),(599,2,128,43),(600,8,81,4),(601,7,5,78),(602,8,442,14),(603,9,498,80),(604,5,524,14),(605,1,185,47),(606,4,58,84),(607,9,428,35),(608,6,493,42),(609,9,21,46),(610,6,107,23),(611,8,152,65),(612,9,529,70),(613,5,567,26),(614,4,333,46),(615,2,522,6),(616,6,437,19),(617,4,150,11),(618,6,565,67),(619,3,75,29),(620,9,280,52),(621,8,43,68),(622,2,134,67),(623,4,252,62),(624,1,25,85),(625,1,60,38),(626,8,99,40),(627,9,104,6),(628,9,61,44),(629,7,519,9),(630,2,273,39),(631,9,345,84),(632,1,88,36),(633,9,112,8),(634,4,198,5),(635,7,462,21),(636,7,566,46),(637,7,476,59),(638,5,137,59),(639,9,54,85),(640,6,414,12),(641,9,508,40),(642,6,168,50),(643,9,86,19),(644,2,90,88),(645,2,77,19),(646,6,141,43),(647,6,582,65),(648,6,38,15),(649,6,279,39),(650,6,327,3),(651,2,19,58),(652,9,352,89),(653,5,363,45),(654,2,267,35),(655,7,292,75),(656,1,136,78),(657,2,391,19),(658,4,543,21),(659,8,62,44),(660,7,16,74),(661,3,451,35),(662,9,508,88),(663,2,201,33),(664,4,272,20),(665,8,436,5),(666,2,378,81),(667,7,404,14),(668,2,421,78),(669,6,211,61),(670,2,465,53),(671,8,337,67),(672,8,331,32),(673,9,461,32),(674,8,224,68),(675,8,431,82),(676,8,51,25),(677,7,26,25),(678,6,368,77),(679,6,428,53),(680,3,249,17),(681,8,405,70),(682,3,342,48),(683,2,392,86),(684,3,426,5),(685,9,96,63),(686,9,567,48),(687,5,364,69),(688,1,250,78),(689,9,328,80),(690,5,426,17),(691,1,433,55),(692,2,5,4),(693,6,199,64),(694,1,331,15),(695,3,291,1),(696,9,324,82),(697,6,570,51),(698,3,371,8),(699,9,381,54),(700,1,321,16),(701,2,162,64),(702,3,417,78),(703,2,18,57),(704,9,479,26),(705,7,5,56),(706,3,142,67),(707,2,28,1),(708,3,64,71),(709,7,582,47),(710,5,441,7),(711,2,324,85),(712,4,300,64),(713,7,180,25),(714,9,518,89),(715,3,377,18),(716,4,361,63),(717,5,65,74),(718,2,543,73),(719,8,252,49),(720,9,33,62),(721,7,496,28),(722,2,358,64),(723,5,421,76),(724,4,400,27),(725,5,179,25),(726,7,25,37),(727,7,571,19),(728,2,7,9),(729,9,159,46),(730,9,19,5),(731,4,183,80),(732,9,72,14),(733,5,563,90),(734,7,380,48),(735,7,123,4),(736,1,458,77),(737,8,195,72),(738,4,73,20),(739,6,441,78),(740,6,76,73),(741,5,379,80),(742,7,508,79),(743,2,43,57),(744,5,16,76),(745,7,154,89),(746,5,355,73),(747,7,189,41),(748,7,278,18),(749,3,252,60),(750,8,127,45),(751,7,347,35),(752,6,410,75),(753,9,88,41),(754,9,277,18),(755,4,461,38),(756,5,68,72),(757,4,173,48),(758,3,318,57),(759,6,513,22),(760,2,495,18),(761,9,351,53),(762,4,42,68),(763,2,2,24),(764,1,413,14),(765,5,550,47),(766,5,379,64),(767,8,232,75),(768,5,260,29),(769,8,12,58),(770,3,401,43),(771,9,451,15),(772,6,129,41),(773,3,190,26),(774,8,7,30),(775,8,178,3),(776,2,102,13),(777,9,586,51),(778,4,228,77),(779,8,426,33),(780,4,436,30),(781,3,460,28),(782,4,156,4),(783,9,298,52),(784,1,429,84),(785,3,104,56),(786,3,57,53),(787,3,290,10),(788,4,132,21),(789,1,204,31),(790,5,5,51),(791,5,458,49),(792,2,405,57),(793,6,569,40),(794,7,300,32),(795,3,460,52),(796,3,390,88),(797,8,368,18),(798,7,18,5),(799,9,585,34),(800,7,85,30),(801,7,426,54),(802,2,219,87),(803,5,130,72),(804,8,400,71),(805,5,414,84),(806,4,326,54),(807,8,329,74),(808,3,233,27),(809,5,1,78),(810,9,310,35),(811,3,279,29),(812,8,242,66),(813,2,297,7),(814,4,185,81),(815,5,79,84),(816,8,457,1),(817,9,540,19),(818,6,36,36),(819,5,547,85),(820,5,221,74),(821,2,233,44),(822,2,169,25),(823,3,418,48),(824,8,361,51),(825,4,62,66),(826,4,417,38),(827,5,535,11),(828,6,386,36),(829,6,427,3),(830,7,456,89),(831,6,373,82),(832,8,337,69),(833,7,75,71),(834,9,204,52),(835,4,401,4),(836,4,316,79),(837,8,468,84),(838,3,470,62),(839,2,335,46),(840,7,192,67),(841,9,92,69),(842,7,19,22),(843,6,384,27),(844,8,423,85),(845,9,182,5),(846,5,246,55),(847,9,280,46),(848,6,536,53),(849,2,28,88),(850,4,253,9),(851,4,57,45),(852,9,321,5),(853,8,109,31),(854,2,337,59),(855,4,36,14),(856,6,521,87),(857,9,529,37),(858,5,341,73),(859,9,35,27),(860,9,206,79),(861,1,298,36),(862,6,336,38),(863,2,193,58),(864,3,3,87),(865,7,554,38),(866,9,439,38),(867,5,111,9),(868,9,62,3),(869,6,556,48),(870,6,58,29),(871,6,133,22),(872,2,379,81),(873,9,169,3),(874,8,148,18),(875,2,106,29),(876,9,84,5),(877,5,254,86),(878,3,324,24),(879,4,478,71),(880,4,398,77),(881,4,491,24),(882,9,318,37),(883,6,195,58),(884,4,280,16),(885,9,410,61),(886,3,306,61),(887,6,451,27),(888,9,125,67),(889,8,49,60),(890,8,90,66),(891,3,368,9),(892,6,70,89),(893,3,212,20),(894,2,239,68),(895,6,413,61),(896,8,313,42),(897,9,473,88),(898,6,281,47),(899,8,265,3),(900,5,10,13),(901,7,81,2),(902,7,273,88),(903,9,571,8),(904,7,581,36),(905,9,275,72),(906,6,112,55),(907,3,239,62),(908,4,125,79),(909,6,566,20),(910,7,231,4),(911,4,537,33),(912,9,539,48),(913,4,49,76),(914,5,163,47),(915,5,145,13),(916,7,48,15),(917,7,340,21),(918,7,137,77),(919,6,115,17),(920,9,527,20),(921,9,168,3),(922,7,433,16),(923,2,112,82),(924,9,119,16),(925,6,362,75),(926,3,366,23),(927,5,53,15),(928,8,39,74),(929,3,409,48),(930,3,554,46),(931,6,219,89),(932,6,569,65),(933,2,396,49),(934,3,309,51),(935,1,33,19),(936,3,13,29),(937,2,426,8),(938,4,488,6),(939,8,24,64),(940,2,397,46),(941,5,534,46),(942,2,572,37),(943,7,394,77),(944,6,53,17),(945,4,370,9),(946,5,259,74),(947,4,304,12),(948,4,33,8),(949,3,89,61),(950,5,196,55),(951,3,186,44),(952,4,387,19),(953,7,316,34),(954,4,40,35),(955,2,506,15),(956,4,408,43),(957,6,115,38),(958,4,100,52),(959,4,361,58),(960,9,573,6),(961,1,558,42),(962,9,72,19),(963,6,177,75),(964,5,195,64),(965,8,154,22),(966,9,151,54),(967,3,104,7),(968,9,249,24),(969,4,578,27),(970,7,315,3),(971,9,189,31),(972,5,136,85),(973,7,481,42),(974,7,520,89),(975,9,113,62),(976,2,226,26),(977,1,553,78),(978,4,353,59),(979,7,109,80),(980,4,42,37),(981,9,466,90),(982,9,73,34),(983,6,79,53),(984,9,268,53),(985,6,291,40),(986,4,56,80),(987,9,510,89),(988,9,532,68),(989,5,279,55),(990,3,76,11),(991,7,70,18),(992,6,347,69),(993,9,349,81),(994,7,376,28),(995,9,393,68),(996,9,397,53),(997,1,359,55),(998,3,29,54),(999,4,35,80),(1000,9,345,51),(1001,6,181,1),(1002,2,321,78),(1003,3,412,2),(1004,2,59,52),(1005,7,77,43),(1006,9,516,82),(1007,8,405,4),(1008,9,3,86),(1009,5,564,63),(1010,7,498,44),(1011,3,496,74),(1012,6,479,20),(1013,7,68,25),(1014,8,529,50),(1015,7,407,12),(1016,8,158,18),(1017,7,87,37),(1018,5,299,21),(1019,9,531,25),(1020,9,279,37),(1021,4,287,43),(1022,3,481,33),(1023,4,180,88),(1024,4,548,40),(1025,5,559,3),(1026,8,320,77),(1027,3,438,55),(1028,7,448,70),(1029,7,549,62),(1030,1,145,88),(1031,8,554,16),(1032,9,256,49),(1033,7,370,70),(1034,2,585,1),(1035,6,57,73),(1036,2,8,2),(1037,4,300,52),(1038,4,141,80),(1039,7,550,74),(1040,8,237,70),(1041,4,551,18),(1042,3,454,21),(1043,6,348,84),(1044,7,349,2),(1045,3,83,65),(1046,5,456,77),(1047,9,171,70),(1048,4,267,10),(1049,7,102,3),(1050,2,378,22),(1051,7,567,87),(1052,8,63,90),(1053,3,505,35),(1054,6,298,43),(1055,6,140,20),(1056,5,583,78),(1057,7,179,80),(1058,9,496,72),(1059,2,310,68),(1060,8,145,54),(1061,9,7,58),(1062,7,77,9),(1063,8,529,63),(1064,2,196,56),(1065,6,419,82),(1066,2,465,5),(1067,6,504,75),(1068,8,414,6),(1069,9,141,58),(1070,3,575,17),(1071,2,537,39),(1072,6,450,88),(1073,7,21,51),(1074,9,73,52),(1075,7,225,86),(1076,8,437,9),(1077,5,329,65),(1078,7,398,77),(1079,5,144,32),(1080,2,21,88),(1081,1,352,78),(1082,9,77,54),(1083,6,460,87),(1084,9,66,55),(1085,8,158,27),(1086,3,348,59),(1087,7,503,81),(1088,7,232,14),(1089,9,439,29),(1090,6,112,47),(1091,3,386,60),(1092,4,65,14),(1093,8,257,90),(1094,8,45,23),(1095,7,510,34),(1096,9,532,7),(1097,7,486,72),(1098,4,174,32),(1099,6,215,20),(1100,1,401,41),(1101,2,8,52),(1102,4,240,89),(1103,1,306,23),(1104,4,323,6),(1105,7,488,34),(1106,5,271,37),(1107,4,340,68),(1108,4,361,42),(1109,4,18,14),(1110,9,361,45),(1111,5,114,28),(1112,7,180,35),(1113,4,44,12),(1114,5,185,20),(1115,2,363,64),(1116,9,75,66),(1117,9,52,44),(1118,8,232,61),(1119,9,329,34),(1120,7,513,82),(1121,3,525,48),(1122,9,322,42),(1123,5,89,85),(1124,2,193,45),(1125,8,128,29),(1126,3,219,84),(1127,4,329,85),(1128,1,332,87),(1129,4,372,44),(1130,9,115,26),(1131,4,120,79),(1132,7,451,66),(1133,4,291,90),(1134,6,121,23),(1135,6,146,61),(1136,4,5,5),(1137,2,388,5),(1138,2,308,14),(1139,9,265,83),(1140,8,111,61),(1141,8,309,11),(1142,2,344,9),(1143,9,325,60),(1144,4,584,87),(1145,3,342,46),(1146,7,329,71),(1147,9,284,34),(1148,2,536,88),(1149,5,545,11),(1150,7,131,41),(1151,2,158,82),(1152,6,12,18),(1153,3,429,88),(1154,4,568,86),(1155,8,430,64),(1156,4,528,84),(1157,8,68,27),(1158,2,416,80),(1159,7,550,83),(1160,4,515,53),(1161,9,90,3),(1162,9,71,24),(1163,9,442,90),(1164,5,317,39),(1165,4,409,3),(1166,2,240,40),(1167,4,385,39),(1168,9,525,34),(1169,6,515,71),(1170,4,392,54),(1171,4,410,14),(1172,3,61,71),(1173,5,393,85),(1174,9,583,34),(1175,4,194,90),(1176,2,193,5),(1177,7,260,70),(1178,7,123,28),(1179,2,429,70),(1180,5,414,1),(1181,9,87,86),(1182,2,262,64),(1183,9,8,36),(1184,6,526,81),(1185,9,165,22),(1186,7,261,2),(1187,3,371,31),(1188,2,310,13),(1189,6,382,49),(1190,6,49,27),(1191,9,420,32),(1192,6,349,89),(1193,8,237,49),(1194,4,71,56),(1195,4,236,65),(1196,9,383,14),(1197,9,360,46),(1198,6,358,52),(1199,2,265,76),(1200,1,254,34),(1201,9,235,70),(1202,5,67,48),(1203,9,360,72),(1204,8,456,30),(1205,7,171,28),(1206,9,21,84),(1207,6,465,43),(1208,9,235,45),(1209,3,220,89),(1210,3,308,61),(1211,2,209,67),(1212,3,488,75),(1213,4,244,72),(1214,5,575,62),(1215,4,86,44),(1216,2,276,5),(1217,9,124,56),(1218,7,344,7),(1219,6,358,24),(1220,4,102,15),(1221,3,561,27),(1222,6,296,47),(1223,4,102,21),(1224,5,228,4),(1225,7,575,79),(1226,2,463,43),(1227,9,407,35),(1228,2,509,27),(1229,8,307,41),(1230,6,335,45),(1231,7,520,32),(1232,9,241,56),(1233,5,404,51),(1234,6,572,7),(1235,6,549,11),(1236,5,442,90),(1237,3,134,57),(1238,4,96,64),(1239,3,353,70),(1240,4,508,28),(1241,9,194,8),(1242,8,125,65),(1243,8,4,8),(1244,4,23,52),(1245,2,19,89),(1246,9,360,8),(1247,1,15,83),(1248,5,266,46),(1249,8,509,13),(1250,6,76,82),(1251,7,384,45),(1252,5,333,64),(1253,2,525,83),(1254,6,565,70),(1255,9,432,80),(1256,4,103,46),(1257,5,193,16),(1258,8,290,80),(1259,7,237,18),(1260,9,48,57),(1261,7,514,54),(1262,3,513,68),(1263,4,54,20),(1264,8,214,87),(1265,4,21,80),(1266,7,505,73),(1267,1,572,22),(1268,8,318,36),(1269,2,341,45),(1270,7,379,19),(1271,7,483,82),(1272,3,202,71),(1273,9,374,25),(1274,3,545,20),(1275,7,462,71),(1276,7,546,70),(1277,2,220,15),(1278,5,363,33),(1279,4,524,15),(1280,8,260,87),(1281,5,514,75),(1282,3,452,41),(1283,2,395,57),(1284,7,195,74),(1285,1,540,68),(1286,1,478,33),(1287,2,557,60),(1288,7,402,24),(1289,8,195,44),(1290,7,169,80),(1291,2,454,59),(1292,5,582,49),(1293,9,519,11),(1294,6,341,10),(1295,8,201,69),(1296,1,431,31),(1297,9,440,70),(1298,3,272,5),(1299,3,27,88),(1300,6,372,70),(1301,9,155,37),(1302,2,279,21),(1303,8,430,27),(1304,8,145,38),(1305,4,216,39),(1306,2,46,74),(1307,6,493,81),(1308,2,343,40),(1309,2,454,88),(1310,5,189,81),(1311,3,275,72),(1312,3,467,18),(1313,4,335,85),(1314,3,38,74),(1315,2,265,61),(1316,9,54,68),(1317,7,385,27),(1318,2,394,65),(1319,5,135,67),(1320,2,533,14),(1321,7,432,11),(1322,3,427,56),(1323,3,125,86),(1324,7,381,44),(1325,9,161,84),(1326,5,154,65),(1327,8,352,67),(1328,9,453,59),(1329,4,67,13),(1330,9,485,27),(1331,4,303,47),(1332,6,466,78),(1333,2,207,47),(1334,6,434,50),(1335,4,405,18),(1336,3,445,31),(1337,3,68,69),(1338,2,141,64),(1339,3,582,41),(1340,5,343,64),(1341,4,500,52),(1342,7,424,44),(1343,7,52,68),(1344,9,134,68),(1345,2,413,19),(1346,3,49,88),(1347,7,170,70),(1348,3,197,16),(1349,5,436,79),(1350,7,158,58),(1351,2,105,69),(1352,5,295,30),(1353,2,482,58),(1354,8,334,38),(1355,9,431,13),(1356,2,373,64),(1357,7,427,71),(1358,9,39,42),(1359,9,359,79),(1360,8,531,6),(1361,7,141,41),(1362,9,273,74),(1363,8,207,12),(1364,8,193,73),(1365,6,468,25),(1366,1,5,35),(1367,6,214,10),(1368,7,46,25),(1369,2,145,31),(1370,9,57,11),(1371,5,273,24),(1372,3,346,73),(1373,9,389,65),(1374,4,301,78),(1375,5,269,62),(1376,5,16,61),(1377,3,489,56),(1378,1,68,13),(1379,9,254,36),(1380,3,116,13),(1381,8,522,52),(1382,6,367,71),(1383,2,537,88),(1384,9,484,3),(1385,7,565,84),(1386,6,471,33),(1387,6,146,53),(1388,1,41,52),(1389,5,145,80),(1390,6,100,32),(1391,9,370,68),(1392,9,397,8),(1393,2,430,83),(1394,7,132,60),(1395,2,128,43),(1396,5,147,74),(1397,4,180,14),(1398,5,7,14),(1399,9,242,47),(1400,5,46,89),(1401,9,432,30),(1402,8,403,69),(1403,3,6,26),(1404,7,18,84),(1405,4,289,34),(1406,7,216,22),(1407,7,120,36),(1408,8,114,54),(1409,4,172,76),(1410,8,306,86),(1411,2,580,62),(1412,8,460,42),(1413,4,420,42),(1414,6,357,68),(1415,3,170,11),(1416,4,291,35),(1417,4,297,19),(1418,8,28,80),(1419,4,489,32),(1420,9,289,55),(1421,7,425,20),(1422,2,398,10),(1423,2,438,26),(1424,8,338,87),(1425,8,560,32),(1426,2,576,84),(1427,8,453,85),(1428,7,471,78),(1429,7,309,9),(1430,4,14,72),(1431,9,278,80),(1432,5,70,88),(1433,9,354,66),(1434,9,176,29),(1435,5,347,27),(1436,3,84,86),(1437,2,214,24),(1438,1,325,15),(1439,3,352,23),(1440,7,234,49),(1441,2,534,86),(1442,2,376,86),(1443,6,158,65),(1444,2,234,27),(1445,7,371,48),(1446,3,566,25),(1447,3,44,20),(1448,5,500,89),(1449,9,43,90),(1450,1,8,1),(1451,9,233,56),(1452,2,542,17),(1453,4,181,13),(1454,9,166,51),(1455,4,484,86),(1456,5,62,14),(1457,3,314,10),(1458,9,292,11),(1459,8,424,30),(1460,2,92,67),(1461,7,247,52),(1462,1,263,39),(1463,5,554,64),(1464,9,294,45),(1465,5,319,54),(1466,5,547,50),(1467,9,321,75),(1468,3,360,6),(1469,8,349,43),(1470,7,96,38),(1471,3,34,64),(1472,6,566,50),(1473,7,75,87),(1474,3,488,13),(1475,3,137,60),(1476,8,224,25),(1477,4,332,2),(1478,6,34,79),(1479,9,295,11),(1480,9,181,65),(1481,6,212,31),(1482,5,427,71),(1483,5,40,32),(1484,8,281,59),(1485,5,546,47),(1486,2,100,71),(1487,4,370,46),(1488,6,37,19),(1489,8,53,28),(1490,4,566,42),(1491,8,439,60),(1492,2,115,64),(1493,9,434,49),(1494,5,127,12),(1495,7,62,44),(1496,8,164,82),(1497,9,279,44),(1498,9,177,63),(1499,9,530,86),(1500,3,292,21),(1501,9,517,65),(1502,5,458,12),(1503,3,532,66),(1504,6,157,48),(1505,9,68,51),(1506,9,15,87),(1507,9,327,39),(1508,4,73,29),(1509,8,123,23),(1510,9,509,51),(1511,5,432,8),(1512,6,252,55),(1513,9,185,51),(1514,2,62,84),(1515,5,442,18),(1516,7,214,63),(1517,2,321,89),(1518,1,123,75),(1519,2,103,79),(1520,9,13,14),(1521,4,451,2),(1522,7,134,21),(1523,4,250,30),(1524,1,341,80),(1525,6,434,80),(1526,1,17,59),(1527,3,567,12),(1528,3,57,67),(1529,5,472,67),(1530,3,39,52),(1531,8,172,59),(1532,1,239,20),(1533,3,160,18),(1534,9,465,24),(1535,9,277,16),(1536,9,360,52),(1537,8,450,58),(1538,8,162,11),(1539,7,385,45),(1540,5,306,87),(1541,4,537,67),(1542,3,245,9),(1543,5,149,3),(1544,6,368,44),(1545,7,207,56),(1546,6,507,42),(1547,5,466,28),(1548,3,185,56),(1549,6,562,65),(1550,6,117,77),(1551,3,258,39),(1552,9,49,44),(1553,2,79,48),(1554,6,120,1),(1555,5,116,77),(1556,2,411,4),(1557,9,38,34),(1558,6,128,71),(1559,2,328,26),(1560,6,388,11),(1561,6,496,24),(1562,5,318,14),(1563,9,202,85),(1564,8,219,64),(1565,7,373,80),(1566,4,468,32),(1567,9,421,63),(1568,8,372,72),(1569,4,122,57),(1570,9,135,30),(1571,3,39,63),(1572,5,371,29),(1573,5,554,3),(1574,7,163,90),(1575,8,335,49),(1576,7,475,64),(1577,7,239,44),(1578,9,394,48),(1579,8,171,44),(1580,8,540,86),(1581,4,199,83),(1582,6,156,62),(1583,4,412,16),(1584,5,256,74),(1585,6,132,36),(1586,3,480,42),(1587,3,373,77),(1588,9,289,84),(1589,9,77,55),(1590,8,480,54),(1591,8,296,29),(1592,3,313,70),(1593,4,170,43),(1594,5,216,57),(1595,2,111,22),(1596,3,397,23),(1597,3,46,10),(1598,2,129,18),(1599,8,21,80),(1600,6,427,59),(1601,6,552,85),(1602,7,320,43),(1603,5,119,5),(1604,5,311,34),(1605,7,235,18),(1606,1,298,51),(1607,9,116,43),(1608,4,247,26),(1609,3,309,64),(1610,8,105,19),(1611,4,32,15),(1612,7,554,62),(1613,3,255,66),(1614,4,405,59),(1615,7,11,88),(1616,7,132,45),(1617,9,400,19),(1618,5,117,49),(1619,7,477,24),(1620,8,9,24),(1621,7,547,83),(1622,2,30,10),(1623,9,100,68),(1624,9,86,63),(1625,2,421,45),(1626,9,315,77),(1627,3,199,84),(1628,9,435,52),(1629,3,299,88),(1630,9,396,7),(1631,8,407,56),(1632,5,111,81),(1633,6,222,14),(1634,2,364,51),(1635,3,438,17),(1636,7,424,86),(1637,5,507,59),(1638,8,84,72),(1639,9,117,78),(1640,5,224,78),(1641,8,197,29),(1642,3,419,58),(1643,8,363,35),(1644,7,209,29),(1645,2,348,5),(1646,1,500,36),(1647,2,38,75),(1648,9,413,49),(1649,9,76,35),(1650,3,131,36),(1651,3,583,42),(1652,8,550,8),(1653,4,461,18),(1654,8,45,59),(1655,3,529,32),(1656,9,84,58),(1657,8,136,19),(1658,2,466,41),(1659,4,343,28),(1660,7,272,40),(1661,4,4,63),(1662,4,508,2),(1663,9,428,21),(1664,8,203,49),(1665,9,562,21),(1666,6,2,80),(1667,4,158,10),(1668,4,392,85),(1669,3,9,17),(1670,6,85,48),(1671,8,167,84),(1672,6,45,64),(1673,8,297,69),(1674,2,404,86),(1675,7,491,27),(1676,7,458,6),(1677,9,488,76),(1678,3,202,52),(1679,3,447,63),(1680,9,525,31),(1681,2,16,72),(1682,9,17,49),(1683,2,517,47),(1684,3,108,51),(1685,3,187,86),(1686,6,54,54),(1687,4,183,90),(1688,7,304,17),(1689,2,75,86),(1690,3,223,2),(1691,4,482,80),(1692,4,166,64),(1693,7,522,28),(1694,9,244,25),(1695,9,115,52),(1696,5,526,39),(1697,2,76,58),(1698,4,77,73),(1699,9,519,39),(1700,5,553,11),(1701,5,168,4),(1702,2,125,53),(1703,2,403,2),(1704,3,251,1),(1705,4,427,85),(1706,1,173,54),(1707,3,251,15),(1708,5,524,4),(1709,5,25,31),(1710,7,538,15),(1711,6,536,80),(1712,8,260,42),(1713,2,149,48),(1714,2,276,65),(1715,8,105,4),(1716,3,504,36),(1717,4,319,53),(1718,2,92,53),(1719,6,55,35),(1720,5,136,77),(1721,9,46,59),(1722,2,37,36),(1723,2,66,44),(1724,7,270,81),(1725,1,314,57),(1726,2,178,60),(1727,5,192,81),(1728,5,470,63),(1729,3,28,19),(1730,6,406,32),(1731,6,311,60),(1732,2,152,20),(1733,9,501,11),(1734,7,194,38),(1735,8,300,63),(1736,6,129,83),(1737,3,219,76),(1738,6,390,36),(1739,5,457,16),(1740,2,246,22),(1741,9,568,41),(1742,6,102,89),(1743,3,31,64),(1744,4,44,70),(1745,8,341,45),(1746,7,404,80),(1747,3,103,41),(1748,5,321,58),(1749,6,296,64),(1750,6,356,35),(1751,6,354,77),(1752,3,220,36),(1753,7,201,34),(1754,5,267,51),(1755,5,66,67),(1756,1,159,1),(1757,3,487,6),(1758,9,361,34),(1759,7,488,25),(1760,3,67,19),(1761,2,214,85),(1762,7,529,10),(1763,5,508,71),(1764,2,370,23),(1765,7,311,75),(1766,7,68,17),(1767,9,22,6),(1768,2,24,53),(1769,3,181,76),(1770,9,226,8),(1771,5,462,3),(1772,8,387,24),(1773,5,585,25),(1774,8,91,7),(1775,8,167,27),(1776,6,215,53),(1777,5,324,57),(1778,7,131,24),(1779,4,124,38),(1780,5,162,44),(1781,8,310,84),(1782,7,456,30),(1783,2,96,11),(1784,9,306,18),(1785,5,410,37),(1786,7,319,23),(1787,6,90,49),(1788,6,295,35),(1789,7,93,64),(1790,6,133,71),(1791,9,22,38),(1792,9,445,50),(1793,9,432,67),(1794,7,291,55),(1795,6,357,9),(1796,4,427,57),(1797,2,308,47),(1798,5,354,59),(1799,6,154,82),(1800,4,502,55),(1801,1,213,64),(1802,6,469,44),(1803,9,512,56),(1804,7,547,16),(1805,6,371,87),(1806,8,497,16),(1807,9,487,46),(1808,9,435,20),(1809,2,144,60),(1810,9,101,19),(1811,9,578,56),(1812,9,47,28),(1813,5,529,75),(1814,9,565,58),(1815,5,240,75),(1816,7,424,62),(1817,7,434,59),(1818,7,545,33),(1819,8,520,26),(1820,2,84,14),(1821,9,497,19),(1822,5,348,12),(1823,6,577,62),(1824,4,278,38),(1825,6,247,37),(1826,2,54,79),(1827,3,220,39),(1828,5,537,74),(1829,2,361,88),(1830,7,482,17),(1831,1,317,35),(1832,4,45,68),(1833,7,67,7),(1834,8,353,80),(1835,1,381,3),(1836,7,138,87),(1837,7,420,35),(1838,2,133,64),(1839,8,71,47),(1840,3,263,25),(1841,3,383,86),(1842,6,492,26),(1843,7,33,32),(1844,7,115,42),(1845,8,177,66),(1846,2,112,31),(1847,8,416,57),(1848,1,558,71),(1849,2,275,7),(1850,7,63,45),(1851,9,413,22),(1852,9,97,5),(1853,2,359,14),(1854,6,211,89),(1855,5,367,14),(1856,4,326,13),(1857,8,512,27),(1858,5,59,24),(1859,4,482,35),(1860,1,36,17),(1861,3,411,48),(1862,9,430,53),(1863,3,101,87),(1864,2,206,64),(1865,3,319,40),(1866,7,270,38),(1867,9,59,17),(1868,1,136,61),(1869,3,493,5),(1870,4,393,20),(1871,6,455,77),(1872,4,526,86),(1873,7,263,59),(1874,8,304,84),(1875,5,533,65),(1876,5,426,88),(1877,1,251,32),(1878,2,468,34),(1879,7,200,63),(1880,8,321,55),(1881,4,546,26),(1882,3,173,2),(1883,5,511,23),(1884,8,105,77),(1885,3,245,73),(1886,5,473,65),(1887,7,358,61),(1888,2,198,10),(1889,9,20,7),(1890,8,287,41),(1891,6,403,68),(1892,7,540,76),(1893,5,83,38),(1894,3,34,41),(1895,7,296,65),(1896,8,583,45),(1897,2,16,83),(1898,9,25,6),(1899,8,176,51),(1900,2,383,76),(1901,2,193,79),(1902,8,467,46),(1903,1,471,53),(1904,9,394,3),(1905,7,163,17),(1906,5,357,56),(1907,9,454,56),(1908,6,385,12),(1909,5,517,11),(1910,9,483,19),(1911,6,226,41),(1912,3,124,31),(1913,4,59,52),(1914,3,334,13),(1915,9,270,86),(1916,5,368,11),(1917,8,552,14),(1918,5,564,9),(1919,7,382,39),(1920,5,112,74),(1921,6,306,53),(1922,4,340,3),(1923,2,328,62),(1924,2,499,10),(1925,6,16,66),(1926,6,426,35),(1927,7,154,40),(1928,8,385,63),(1929,7,502,58),(1930,6,350,88),(1931,4,492,80),(1932,2,439,3),(1933,2,115,74),(1934,4,206,49),(1935,7,510,50),(1936,3,339,72),(1937,4,65,64),(1938,4,7,4),(1939,4,407,24),(1940,9,526,40),(1941,6,56,14),(1942,7,277,79),(1943,2,470,43),(1944,3,361,40),(1945,3,178,54),(1946,2,513,72),(1947,3,402,3),(1948,3,433,34),(1949,9,88,81),(1950,3,496,87),(1951,6,48,51),(1952,4,222,63),(1953,1,50,83),(1954,5,406,39),(1955,9,75,65),(1956,9,281,79),(1957,1,321,56),(1958,4,256,27),(1959,8,210,21),(1960,3,8,79),(1961,9,261,15),(1962,8,126,4),(1963,3,485,21),(1964,5,501,69),(1965,2,267,67),(1966,6,134,27),(1967,5,181,46),(1968,7,460,6),(1969,2,413,34),(1970,7,495,90),(1971,7,191,83),(1972,3,520,49),(1973,1,7,75),(1974,9,518,16),(1975,7,166,76),(1976,3,371,83),(1977,6,527,16),(1978,9,489,17),(1979,2,583,74),(1980,8,323,40),(1981,7,222,2),(1982,4,264,22),(1983,4,335,10),(1984,9,173,77),(1985,8,414,73),(1986,2,496,24),(1987,9,289,2),(1988,6,287,4),(1989,8,102,89),(1990,8,118,52),(1991,3,108,57),(1992,8,470,13),(1993,2,403,21),(1994,2,563,73),(1995,3,484,75),(1996,4,28,40),(1997,5,411,56),(1998,1,489,4),(1999,8,77,10),(2000,2,429,80);
/*!40000 ALTER TABLE `stavka` ENABLE KEYS */;
UNLOCK TABLES;

--
-- Dumping routines for database 'moto_trgovinahib'
--
/*!40103 SET TIME_ZONE=@OLD_TIME_ZONE */;

/*!40101 SET SQL_MODE=@OLD_SQL_MODE */;
/*!40014 SET FOREIGN_KEY_CHECKS=@OLD_FOREIGN_KEY_CHECKS */;
/*!40014 SET UNIQUE_CHECKS=@OLD_UNIQUE_CHECKS */;
/*!40101 SET CHARACTER_SET_CLIENT=@OLD_CHARACTER_SET_CLIENT */;
/*!40101 SET CHARACTER_SET_RESULTS=@OLD_CHARACTER_SET_RESULTS */;
/*!40101 SET COLLATION_CONNECTION=@OLD_COLLATION_CONNECTION */;
/*!40111 SET SQL_NOTES=@OLD_SQL_NOTES */;

-- Dump completed on 2023-10-24 17:30:32
